ACCOUNTNUMBER,FIRSTNAME,OPENINGDATE,AMOUNT,CREDITLIMIT
1597,Sharity,9/26/2019,6.4,2.63
1184,Averyl,5/18/2020,3.8,5.46
1041,Lennie,4/6/2020,2.1,7.68
1007,Sinclare,8/20/2019,6.32,5.51
1374,Lona,9/1/2019,5.46,5.27
1221,Shanon,8/18/2019,1.5,5.72
1353,Clerkclaude,8/8/2019,4.96,6.91
1231,Barnabe,9/17/2019,6.3,6.83
1472,Sheree,7/26/2019,8.95,9.55
1601,Silvester,6/14/2019,3.26,7.14
1248,Aube,11/2/2019,8.31,3.82
1426,Sheilah,6/17/2019,3.39,2.46
1158,Rosalia,8/11/2019,9.79,1.45
1694,Emanuel,6/4/2020,3.82,2.98
1309,Hakeem,1/5/2020,3.0,5.54
1387,Ricky,9/23/2019,7.78,4.26
1361,Shirley,4/20/2020,1.25,5.83
1045,Aguste,3/28/2020,1.65,8.09
1336,Kermie,5/17/2020,8.69,7.0
1560,Emyle,11/6/2019,2.2,2.02
1432,Kathryn,12/6/2019,7.27,9.95
1882,Annalee,2/4/2020,1.29,8.88
1205,Charmion,3/23/2020,1.86,5.39
1640,Deny,10/26/2019,9.56,5.88
1383,Maddy,1/28/2020,3.5,1.01
1278,Enrique,8/16/2019,3.75,2.85
1942,Pris,4/7/2020,3.73,2.53
1592,Adham,11/15/2019,2.1,2.39
1522,Shannon,9/4/2019,9.14,8.12
1659,Brittni,6/5/2020,6.47,4.41
1974,Elspeth,10/13/2019,9.86,2.82
1679,Eliot,11/29/2019,5.52,7.2
1930,Grazia,11/6/2019,1.4,2.15
1969,Austin,5/10/2020,2.0,5.25
1802,Jackqueline,9/12/2019,7.69,4.73
1927,Claudette,4/13/2020,3.62,3.43
1916,Jenifer,10/2/2019,1.55,6.06
1029,Lenci,3/27/2020,8.59,8.88
1508,Elfrida,9/6/2019,8.07,8.14
1874,Devlen,8/7/2019,8.66,4.53
1024,Baxy,12/20/2019,4.73,9.87
1916,Virginie,1/12/2020,2.53,7.78
1025,Theodor,9/27/2019,9.32,9.5
1076,Anallese,11/13/2019,8.47,3.56
1252,Marchall,6/10/2020,4.72,9.18
1611,Terrel,9/29/2019,7.94,7.42
1935,Corine,2/16/2020,1.29,7.42
1876,Tammie,10/12/2019,6.41,9.41
1942,Amii,6/4/2020,3.9,7.64
1142,Nil,12/21/2019,6.47,4.06
1005,Guenna,10/5/2019,9.82,8.92
2000,Domeniga,3/19/2020,6.53,7.17
1001,Mela,10/13/2019,8.28,8.06
1238,Meredeth,5/9/2020,3.64,6.52
1918,Brittne,2/28/2020,7.08,6.47
1096,Yolande,10/3/2019,9.39,9.72
1877,Gerhard,9/4/2019,5.57,2.33
1077,Virgina,4/16/2020,4.43,7.47
1727,Mitchell,10/25/2019,8.13,3.87
1172,Cordy,3/6/2020,5.48,2.17
1438,Myranda,1/6/2020,3.18,9.48
1219,Kenon,1/11/2020,2.08,2.4
1791,Murray,8/9/2019,7.23,5.31
1688,Shell,5/20/2020,5.16,1.62
1194,Bowie,10/27/2019,3.0,8.16
1800,Culley,6/11/2020,8.9,8.75
1032,Tedra,2/2/2020,2.05,6.33
1000,Keen,3/7/2020,3.08,3.77
1537,Ranna,3/12/2020,5.01,9.9
1956,Bonni,4/1/2020,2.16,9.35
1942,Ricard,11/6/2019,2.89,9.14
1558,Marrilee,7/21/2019,2.46,1.87
1767,Lock,2/21/2020,2.25,7.14
1909,Keefer,11/4/2019,9.83,5.7
1832,Lewiss,7/23/2019,4.07,4.29
1869,Maxine,8/26/2019,6.56,7.04
1305,Catlee,6/13/2020,4.44,4.2
1837,Mackenzie,8/30/2019,9.94,5.47
1748,Clem,5/30/2020,3.09,4.93
1344,Caz,11/26/2019,8.84,8.3
1738,Geri,8/21/2019,8.91,3.77
1179,Frieda,2/5/2020,8.34,2.49
1041,Zeke,7/26/2019,5.35,7.34
1551,Roth,9/15/2019,3.59,4.04
1987,Merissa,6/26/2019,6.77,5.7
1590,Katrinka,1/25/2020,5.42,4.56
1977,Hilde,10/4/2019,9.61,5.78
1284,Bernadette,10/26/2019,4.39,2.02
1501,Mariya,5/2/2020,5.25,8.87
1900,Florance,1/23/2020,7.08,8.75
1103,Bran,3/14/2020,3.8,4.0
1412,Atalanta,12/28/2019,6.9,2.82
1123,Ingemar,5/13/2020,9.69,4.17
1545,Minta,10/4/2019,6.57,7.93
1410,Mitchell,5/8/2020,4.74,3.66
1863,Regan,5/2/2020,5.46,5.25
1596,Lia,6/28/2019,2.87,2.62
1950,Jordain,10/14/2019,6.73,5.71
1179,Dionne,6/9/2020,9.7,2.25
1222,Anne-marie,8/1/2019,8.26,2.19
1877,Grayce,6/9/2020,4.68,4.46
1392,Mariette,1/14/2020,5.38,4.23
1547,Joyous,12/2/2019,3.81,3.15
1579,Sadye,8/1/2019,9.01,2.56
1803,Andre,10/23/2019,4.52,7.57
1423,Timmi,9/3/2019,5.86,3.99
1247,Kasey,5/8/2020,2.6,9.62
1190,Puff,3/18/2020,5.95,2.95
1515,Joelynn,6/24/2019,6.63,8.7
1531,Karylin,8/31/2019,9.73,6.65
1405,Hanan,2/24/2020,2.51,8.84
1953,Ynes,6/25/2019,8.85,4.81
1158,Shelby,9/21/2019,5.89,2.01
1325,Josias,12/25/2019,4.66,4.91
1962,Salvatore,8/10/2019,9.36,6.41
1962,Elbertine,3/3/2020,3.55,4.31
1118,Terrijo,9/3/2019,7.41,6.51
1294,Jeannette,8/22/2019,9.96,9.48
1718,Rog,1/21/2020,7.06,4.77
1811,Kalie,2/8/2020,4.97,1.17
1563,Quinn,5/20/2020,6.03,3.73
1492,Martin,9/16/2019,9.15,2.84
1528,Kylie,4/23/2020,7.4,7.77
1670,Antons,9/13/2019,8.39,1.78
1954,Valera,8/2/2019,9.57,3.38
1285,Nedi,8/11/2019,8.89,1.95
1237,Kizzie,10/12/2019,2.24,5.95
1055,Tammara,3/12/2020,7.46,7.76
1323,Chet,12/19/2019,2.1,3.81
1927,Bertie,8/11/2019,2.05,4.28
1923,Lisa,6/4/2020,2.17,5.12
1674,La verne,4/4/2020,5.16,4.48
1614,Ofella,5/24/2020,1.09,4.19
1217,Hildy,10/5/2019,3.48,8.09
1594,Jeanelle,7/15/2019,7.83,5.56
1773,Evelyn,3/16/2020,5.49,2.02
1461,Esme,6/15/2019,1.13,8.82
1931,Ashlin,8/31/2019,1.8,7.62
1442,Sena,6/25/2019,8.67,1.46
1163,Sydelle,6/1/2020,9.59,4.7
1870,Alvera,1/21/2020,1.97,6.62
1111,Bev,5/21/2020,3.69,3.62
1428,Birch,2/23/2020,8.81,6.03
1230,Mateo,10/13/2019,6.8,5.01
1834,Dulciana,9/25/2019,9.1,2.32
1819,Johanna,2/11/2020,9.02,5.1
1112,Viviana,8/23/2019,8.68,6.27
1395,Claire,2/6/2020,8.1,9.55
1744,Nicky,6/21/2019,4.77,5.13
1887,Franzen,4/12/2020,6.93,7.34
1073,Tiffie,1/13/2020,1.68,3.94
1668,Kermy,7/17/2019,4.58,8.4
1295,Maryann,2/9/2020,6.8,3.39
1000,Elfie,3/13/2020,3.18,3.71
1929,Dita,9/19/2019,6.16,2.53
1605,Charlotta,8/19/2019,2.53,6.03
1692,Lewes,11/19/2019,1.19,5.89
1728,Jane,5/24/2020,5.43,8.13
1752,Cordie,11/23/2019,3.34,8.49
1307,Donal,5/19/2020,1.83,5.46
1378,Robinett,5/30/2020,1.03,5.97
1528,Ursala,11/21/2019,6.36,6.52
1034,Owen,9/21/2019,6.24,3.69
1775,Happy,10/3/2019,4.27,1.48
1420,Budd,11/7/2019,7.31,7.95
1042,Mariann,10/17/2019,9.64,7.97
1448,Malissa,11/27/2019,5.17,3.55
1428,Kliment,7/2/2019,8.82,8.35
1859,Conrado,12/12/2019,4.36,6.58
1852,Ines,3/31/2020,1.87,8.9
1234,Tull,5/8/2020,8.12,1.92
1247,Kissee,5/26/2020,9.81,2.16
1202,Merrel,8/20/2019,9.54,5.08
1308,Lizbeth,9/4/2019,3.59,8.5
1141,Rebbecca,6/1/2020,7.68,5.58
1466,Alister,4/3/2020,9.69,7.64
1166,Kyla,3/24/2020,2.78,4.54
1815,Brooks,4/11/2020,3.79,5.56
1529,Garreth,11/13/2019,3.66,8.9
1834,Margi,2/4/2020,9.5,3.65
1175,Lissa,11/21/2019,6.31,8.2
1485,Tamra,10/17/2019,7.76,8.64
1125,Davina,12/20/2019,2.12,1.66
1172,Cam,4/10/2020,7.96,2.61
1412,Hasheem,5/10/2020,8.77,2.47
1611,Michaela,11/19/2019,6.14,7.12
1429,Lewiss,9/14/2019,3.55,9.66
1963,Jannelle,7/20/2019,7.21,8.0
1677,Ruthanne,10/23/2019,2.43,2.93
1133,Maryann,12/19/2019,5.18,9.33
1877,Ilario,8/2/2019,3.4,8.12
1240,Wilmette,6/11/2020,9.8,5.32
1755,Blakelee,9/8/2019,2.3,3.12
1659,Jocelin,11/24/2019,8.08,3.81
1496,Ofelia,2/10/2020,2.83,7.82
1858,Sydelle,3/2/2020,2.13,6.24
1139,Bill,5/9/2020,3.26,2.16
1715,Valentia,1/4/2020,4.63,2.79
1160,Julissa,8/8/2019,4.73,8.01
1879,Janifer,12/5/2019,2.52,4.24
1399,Karin,8/9/2019,7.41,2.37
1511,Nicol,4/30/2020,2.62,1.88
1859,Spike,12/14/2019,2.65,8.91
1917,Orlando,7/31/2019,9.9,6.84
1487,Ronna,10/12/2019,4.8,3.04
1201,Danya,4/30/2020,3.09,3.75
1170,Lelia,9/23/2019,2.99,2.13
1890,Hyman,8/7/2019,9.55,5.84
1056,Buck,8/4/2019,4.64,1.37
1764,Blinny,12/15/2019,2.81,8.02
1845,Rianon,2/20/2020,5.84,1.97
1808,Briano,8/27/2019,1.24,2.67
1846,Benedicto,7/31/2019,1.72,8.42
1917,Keely,7/13/2019,3.07,4.61
1538,Neely,8/19/2019,7.27,9.37
1415,Avis,7/15/2019,9.48,8.05
1503,Carilyn,9/27/2019,8.06,4.53
1131,Blair,6/15/2019,6.11,3.39
1919,Merl,8/31/2019,8.27,2.43
1574,Kerwinn,12/17/2019,1.8,9.23
1549,Holli,2/17/2020,3.58,7.38
1293,Dana,8/24/2019,4.81,1.98
1027,Ingaborg,1/15/2020,5.89,1.55
1254,Langsdon,11/7/2019,3.17,2.32
1842,Jody,7/26/2019,3.49,8.2
1535,Mechelle,12/15/2019,4.87,8.16
1105,Amby,4/26/2020,8.55,9.21
1622,Cosetta,5/30/2020,6.48,2.07
1579,Chickie,1/23/2020,7.75,5.83
1725,Patrizia,8/31/2019,9.02,3.16
1743,Cleavland,10/31/2019,6.58,8.79
1191,Stacee,2/9/2020,1.62,6.84
1767,Philly,10/5/2019,4.22,6.39
1573,Miltie,7/22/2019,4.27,7.64
1562,Reese,7/11/2019,9.33,7.79
1662,Xymenes,2/20/2020,4.6,4.84
1094,Jacquenetta,11/30/2019,4.88,2.37
1281,Glori,4/18/2020,5.85,8.13
1201,Luce,11/17/2019,3.48,2.52
1841,Zenia,11/8/2019,6.43,8.27
1250,Dede,2/13/2020,3.69,1.5
1364,Vyky,6/14/2019,3.95,5.68
1133,Eddy,10/6/2019,5.81,4.83
1289,Rana,2/14/2020,6.13,6.83
1052,Elbert,11/13/2019,1.25,3.71
1186,Emelda,4/7/2020,5.92,9.0
1589,Tomkin,1/20/2020,2.82,5.4
1216,Rab,3/3/2020,7.76,3.6
1365,Angele,7/5/2019,5.37,9.21
1681,Garfield,12/28/2019,3.06,1.46
1430,Ephraim,4/11/2020,5.99,8.94
1458,Kipp,7/30/2019,5.21,1.57
1686,Eba,9/20/2019,3.47,7.1
1934,Sandy,4/14/2020,7.75,3.93
1638,Bret,12/27/2019,4.8,4.11
1169,Leslie,1/30/2020,1.68,6.25
1925,Gordan,8/19/2019,9.48,3.38
1646,Anallise,7/7/2019,6.65,3.59
1810,Mead,3/12/2020,1.87,2.16
1924,Leola,8/19/2019,6.18,8.94
1712,Cinnamon,3/9/2020,5.24,9.34
1301,Rick,9/20/2019,3.87,8.24
1818,Lenora,10/15/2019,7.43,1.32
1710,Charmain,10/3/2019,5.0,9.0
1308,Mickey,11/21/2019,5.47,8.41
2000,Gwenny,7/26/2019,1.65,4.4
1023,Franky,4/22/2020,4.23,2.78
1632,Steward,11/2/2019,2.19,3.75
1612,Leone,12/19/2019,3.61,5.58
1412,Putnem,5/23/2020,8.73,2.43
1434,Ruby,7/18/2019,7.95,4.21
1723,Douglass,7/7/2019,3.41,7.54
1180,Costanza,2/18/2020,3.94,4.21
1829,Guendolen,7/24/2019,3.56,1.55
1228,Coreen,6/7/2020,3.09,6.4
1029,Vere,4/12/2020,9.97,4.43
1049,Norma,10/18/2019,7.04,4.23
1845,Arturo,12/26/2019,6.76,9.59
1607,Terrie,4/18/2020,8.8,9.37
1748,Romain,9/30/2019,9.13,7.29
1446,Brynna,2/15/2020,1.29,3.86
1763,Carmella,9/18/2019,3.41,6.95
1070,Camila,7/24/2019,9.39,2.32
1205,Koressa,2/13/2020,1.78,7.31
1774,Melesa,12/31/2019,2.01,9.61
1647,Bartel,1/24/2020,2.3,9.94
1033,Rick,7/15/2019,2.73,2.71
1652,Alix,10/21/2019,6.57,1.43
1613,Ericka,10/25/2019,1.57,8.05
1532,Alfy,3/28/2020,3.58,5.81
1046,Marina,12/25/2019,1.37,7.14
1466,Britt,7/6/2019,6.49,6.7
1010,Nissa,2/18/2020,1.3,2.45
1384,Alister,5/6/2020,4.16,9.39
1343,Klement,9/29/2019,7.48,7.99
1951,Caz,4/16/2020,4.89,9.72
1651,Brendan,11/24/2019,5.89,7.76
1354,Arvie,5/11/2020,3.75,1.01
1337,Ring,9/20/2019,1.32,6.11
1420,Worth,2/16/2020,5.65,8.73
1487,Torin,12/28/2019,8.72,3.12
1195,Mallory,2/29/2020,6.99,9.2
1263,Amalia,1/14/2020,5.44,4.37
1147,Mersey,7/14/2019,6.15,5.5
1814,Charlene,6/30/2019,8.17,6.1
1026,Tanya,12/17/2019,9.2,4.19
1517,Lotty,1/27/2020,1.81,4.83
1734,Zacherie,8/14/2019,8.49,8.36
1019,Rianon,10/31/2019,8.78,6.39
1690,Kristen,4/24/2020,6.22,2.07
1759,Bee,3/21/2020,8.23,3.3
1091,Patti,7/9/2019,5.94,5.83
1064,Claiborne,5/13/2020,3.39,3.82
1529,Anderea,6/23/2019,1.19,5.84
1658,Barbie,3/24/2020,2.78,3.48
1827,Odette,10/9/2019,3.27,1.52
1248,Hugibert,4/2/2020,1.93,9.5
1674,Jojo,4/25/2020,9.91,6.02
1736,Zarla,6/12/2020,2.22,1.25
1066,Amos,4/27/2020,8.83,2.16
1909,Archambault,10/17/2019,3.44,2.16
1318,Marnie,10/19/2019,8.76,9.88
1127,Lynne,3/20/2020,1.74,4.43
1659,Roxane,2/6/2020,9.2,8.45
1625,Seumas,4/24/2020,8.61,2.24
1377,Bartholomeus,2/2/2020,9.34,1.62
1986,Addy,5/25/2020,8.09,7.23
1216,Con,10/12/2019,7.37,6.44
1303,Gilligan,1/11/2020,5.4,3.69
1759,Artair,7/14/2019,2.55,9.0
1688,Shari,4/26/2020,6.74,5.16
1827,Bennett,7/4/2019,3.48,4.66
1441,Candide,12/11/2019,6.3,3.69
1258,Alex,8/10/2019,5.39,4.08
1858,Ringo,6/28/2019,8.37,3.78
1627,Osmond,3/16/2020,4.88,5.67
1471,Tanya,9/13/2019,5.09,2.34
1716,Sergeant,11/4/2019,1.02,7.75
1325,Valli,9/20/2019,7.69,8.94
1992,Phaidra,10/19/2019,6.59,6.62
1857,Hanan,4/30/2020,4.0,7.75
1476,Effie,5/12/2020,1.94,5.15
1354,Pavla,5/15/2020,8.56,3.9
1088,Margareta,6/23/2019,2.1,8.68
1004,Finley,5/7/2020,2.43,9.71
1431,Ayn,5/7/2020,1.28,6.06
1992,Alain,8/29/2019,7.14,9.76
1575,Dani,10/26/2019,4.27,5.58
1361,Keir,3/14/2020,9.65,1.97
1440,Mag,7/26/2019,7.0,1.59
1972,Markus,11/19/2019,7.18,4.85
1428,Atlante,12/25/2019,3.0,8.22
1775,Seth,5/26/2020,6.1,8.61
1114,Emmet,3/25/2020,6.66,1.32
1884,Mirelle,6/28/2019,4.07,9.44
1635,Rickard,4/1/2020,8.48,5.9
1873,Edlin,12/17/2019,5.25,3.76
1594,Mel,4/7/2020,3.04,5.68
1471,Benedick,5/20/2020,7.88,1.89
1500,Augusta,11/27/2019,8.55,1.13
1210,Lorrin,1/15/2020,9.2,5.18
1100,Avigdor,2/17/2020,6.51,7.08
1072,Chane,5/23/2020,1.69,9.37
1119,Astrid,3/14/2020,8.14,5.74
1977,Trumann,8/17/2019,8.46,9.8
1772,Pooh,5/19/2020,4.96,6.69
1305,Blancha,2/9/2020,3.3,3.39
1582,Gustave,7/13/2019,4.11,8.5
1516,Bessie,7/29/2019,5.02,9.56
1001,Nev,6/8/2020,8.0,1.15
1406,Barthel,8/19/2019,1.07,4.54
1208,Wolfy,6/20/2019,5.24,1.37
1935,Nancee,8/24/2019,8.72,5.88
1312,Bellina,6/7/2020,4.99,1.45
1397,Lanny,3/15/2020,6.38,7.11
1766,Haley,8/29/2019,5.74,4.77
1403,Sidoney,1/21/2020,5.02,3.59
1619,Lammond,10/1/2019,3.34,4.47
1879,Shem,2/13/2020,7.49,5.47
1497,Sheelah,5/10/2020,7.99,8.17
1586,Alexis,6/29/2019,7.76,7.15
1126,Henryetta,5/17/2020,4.77,5.79
1822,Hirsch,1/31/2020,2.37,3.82
1329,Rosy,3/9/2020,6.67,2.16
1908,Rube,11/14/2019,5.36,5.43
1440,Duke,7/2/2019,6.7,1.32
1100,Modesta,11/21/2019,8.7,5.88
1857,Diarmid,1/29/2020,4.99,1.71
1746,Jodie,9/9/2019,4.75,8.38
1139,Sean,4/23/2020,7.49,9.81
1782,Jennie,6/18/2019,4.38,7.73
1223,Terrye,4/27/2020,6.14,8.3
1532,Ianthe,3/15/2020,5.35,6.67
1473,Gaylor,1/27/2020,1.56,2.1
1166,Sib,9/26/2019,2.77,9.4
1860,Cart,5/4/2020,8.0,1.6
1100,Franciskus,1/27/2020,6.95,5.16
1732,Archibold,11/28/2019,3.49,2.03
1874,Munroe,3/11/2020,3.09,2.52
1594,Nananne,9/23/2019,6.42,4.08
1475,Gill,9/19/2019,2.31,1.81
1984,Petronille,1/5/2020,1.35,7.47
1030,Rhona,9/7/2019,5.61,7.44
1275,Owen,8/19/2019,6.28,4.43
1897,Trip,7/20/2019,1.03,3.46
1021,Mel,10/29/2019,2.08,3.03
1193,Elwyn,2/15/2020,6.08,1.25
1950,Lorianne,3/22/2020,8.35,1.45
1599,Elyn,1/13/2020,2.63,5.81
1478,Hewie,1/23/2020,7.49,4.02
1721,Eolanda,3/31/2020,5.28,5.17
1104,Kelley,11/13/2019,9.8,3.45
1983,Donelle,10/2/2019,6.4,9.55
1103,Mirelle,8/22/2019,1.02,2.15
1615,Terrijo,3/14/2020,9.26,6.63
1555,Malissa,8/1/2019,7.43,6.53
1658,Brynn,12/16/2019,3.68,7.73
1136,Glynis,2/7/2020,4.67,3.18
1290,Angy,9/22/2019,5.66,9.51
1311,Stillman,6/15/2019,6.66,9.95
1421,Barron,7/7/2019,1.82,2.28
1851,Rebeka,12/26/2019,5.33,8.61
1099,Butch,6/27/2019,4.74,3.45
1190,Romain,8/4/2019,3.28,1.11
1814,Herbert,6/11/2020,6.32,1.65
1432,Isiahi,6/27/2019,3.52,3.18
1028,Meier,10/12/2019,4.29,6.21
1017,Sonnnie,1/9/2020,3.18,5.13
1526,Arty,11/28/2019,4.14,4.87
1914,Jackie,1/13/2020,6.91,8.42
1170,Rivalee,6/16/2019,9.67,1.62
1076,Terrance,5/6/2020,1.29,5.05
1547,Morrie,5/4/2020,5.27,3.34
1884,Brockie,12/7/2019,1.25,2.59
1343,Carmel,8/14/2019,4.88,5.04
1685,Francesco,4/2/2020,3.99,4.22
1222,Blithe,12/28/2019,9.49,4.38
1862,Emanuele,4/24/2020,2.81,5.75
1583,Kimmie,1/22/2020,5.34,6.86
1575,James,9/22/2019,9.7,1.23
1853,Andreana,1/10/2020,2.44,7.54
1384,Hermine,6/19/2019,5.7,5.52
1771,Lauralee,5/12/2020,9.13,9.02
1386,Shane,5/15/2020,3.74,6.09
1544,Rayshell,3/24/2020,6.6,3.48
1093,Victoir,12/7/2019,9.9,8.2
1537,Zandra,1/19/2020,9.78,2.06
1084,Oralie,9/23/2019,3.88,8.81
1034,Sharon,1/15/2020,7.87,8.03
1062,Corby,3/20/2020,7.83,5.11
1488,Peggy,10/13/2019,3.13,4.71
1615,Flori,8/22/2019,7.12,6.19
1784,Glennis,1/31/2020,4.7,1.87
1058,Bennie,10/12/2019,9.38,5.52
1347,Frank,7/21/2019,9.94,6.09
1401,Haskel,2/13/2020,9.33,8.74
1306,Langston,9/2/2019,7.82,9.64
1920,Valentino,3/9/2020,9.72,4.02
1818,Isahella,4/11/2020,2.22,2.82
1689,Boycie,3/5/2020,4.22,4.42
1140,Gustaf,6/16/2019,6.97,9.36
1132,Brianne,9/4/2019,2.77,8.38
1305,Douglass,9/30/2019,5.76,8.15
1280,Gisele,7/11/2019,4.05,2.02
1750,Rutherford,3/22/2020,1.28,5.52
1989,Alanah,1/4/2020,5.52,5.92
1220,Laurene,8/14/2019,5.39,6.29
1457,Erroll,7/17/2019,9.44,6.41
1930,Rebe,4/5/2020,5.13,8.41
1855,Tadeo,4/26/2020,6.77,5.56
1763,Willabella,11/11/2019,8.5,7.05
1684,Ingeberg,6/18/2019,9.17,5.5
1854,Dianemarie,2/28/2020,4.42,9.43
1091,Eadmund,9/18/2019,7.4,6.57
1608,Salim,5/16/2020,3.32,3.26
1395,Justen,4/15/2020,3.6,2.0
1690,Dallas,6/29/2019,9.33,8.94
1289,Leigh,12/24/2019,7.98,9.44
1356,Angie,5/1/2020,5.69,6.6
1916,Shurlock,7/29/2019,1.68,8.64
1454,Guilbert,9/30/2019,5.27,9.91
1852,Bobbe,12/4/2019,7.13,5.7
1818,Chan,10/2/2019,3.77,7.36
1465,Meredith,12/8/2019,7.3,9.08
1401,Patrica,12/23/2019,7.56,5.1
1297,Allis,2/5/2020,4.8,5.1
1512,Hedi,8/19/2019,1.85,2.9
1332,Patrizio,12/31/2019,7.32,6.75
1615,Wrennie,7/29/2019,7.71,6.99
1368,Agata,4/19/2020,7.77,6.46
1958,Leanna,9/11/2019,3.65,9.56
1400,Flossi,6/28/2019,4.08,5.94
1690,Huntlee,7/11/2019,6.37,3.83
1066,Stevena,9/18/2019,2.6,1.47
1957,Franklin,11/13/2019,5.14,4.11
1670,Timothea,7/17/2019,3.48,2.45
1712,Verena,12/29/2019,8.87,6.85
1665,Eveleen,3/12/2020,2.26,7.09
1834,Josephina,3/20/2020,7.99,2.95
1577,Thurston,9/7/2019,1.39,6.61
1343,Graehme,1/4/2020,3.73,3.39
1830,Laure,3/25/2020,7.55,3.73
1391,Sileas,10/17/2019,3.15,9.19
1174,Gray,9/21/2019,3.27,9.02
1499,Hunt,6/3/2020,2.47,9.82
1690,Elisabeth,6/7/2020,8.86,9.12
1669,Nikki,4/8/2020,2.33,6.92
1505,Gabie,4/16/2020,8.4,7.1
1925,Mamie,4/11/2020,7.64,1.72
1415,Cherrita,6/19/2019,3.59,6.53
1673,Malcolm,6/1/2020,8.18,9.04
1115,Ax,5/11/2020,1.72,9.44
1697,Suzann,9/18/2019,3.18,7.16
1414,Shaun,5/9/2020,6.79,9.44
1738,Leonid,1/2/2020,9.46,6.3
1429,Laurene,6/9/2020,8.4,8.28
1084,Anitra,8/6/2019,8.5,5.81
1435,Rolph,11/19/2019,3.92,9.36
1149,Georgetta,11/9/2019,6.52,9.81
1552,Christopher,11/3/2019,1.75,8.09
1962,Scott,12/28/2019,7.66,5.35
1061,Lynette,10/15/2019,9.75,3.33
1303,Ricard,8/14/2019,3.77,4.24
1047,Audry,10/15/2019,3.41,9.08
1873,Buddie,10/24/2019,4.3,4.32
1793,Kristian,6/26/2019,8.23,6.74
1727,Cornelius,6/25/2019,3.32,4.3
1618,Tye,12/2/2019,9.19,3.97
1479,Alvira,1/27/2020,2.56,2.19
1966,Oby,9/15/2019,4.09,9.46
1521,Gottfried,8/5/2019,8.38,5.61
1139,Winifred,12/10/2019,1.62,6.2
1540,Karole,12/29/2019,2.89,7.18
1278,Wendeline,2/29/2020,1.71,5.33
1622,Theobald,8/10/2019,8.67,6.24
1883,Valry,2/15/2020,2.71,1.81
1662,Phyllida,1/25/2020,9.19,7.04
1168,Base,7/13/2019,2.47,1.4
1680,Haywood,12/17/2019,4.13,2.15
1420,Danni,7/11/2019,9.66,9.79
1520,Pooh,2/13/2020,6.32,6.47
1567,Durant,9/8/2019,3.86,3.61
1268,Almire,5/10/2020,8.85,1.44
1743,Garald,1/6/2020,1.81,9.25
1197,Hermina,12/9/2019,2.64,2.64
1399,Rudiger,12/3/2019,7.86,3.53
1707,Mirella,3/25/2020,4.32,3.93
1814,Dev,10/2/2019,7.61,2.03
1989,Ernesta,4/1/2020,7.0,3.21
1913,Karoly,7/24/2019,7.21,6.12
1771,Raquel,10/14/2019,8.06,3.83
1004,Jack,2/21/2020,6.03,4.63
1419,Theodora,4/25/2020,2.97,8.07
1858,Shina,9/8/2019,9.37,8.67
1590,Augie,2/2/2020,5.96,3.81
1817,Belle,4/14/2020,9.35,7.76
1727,Belia,4/4/2020,5.09,3.99
1875,Boniface,3/2/2020,4.52,6.12
1411,Jeremy,12/28/2019,3.27,4.91
1220,Lenore,5/17/2020,3.44,4.6
1772,Deana,8/2/2019,6.91,2.49
1036,Gabriello,4/30/2020,9.02,7.46
1186,Domini,4/21/2020,9.85,5.24
1295,Lorene,6/3/2020,9.73,7.73
1701,Joyann,11/13/2019,2.62,4.39
1234,Doloritas,6/8/2020,5.51,5.09
1274,Melicent,11/27/2019,9.52,6.73
1035,Aleda,12/23/2019,4.33,3.87
1950,Oriana,12/19/2019,1.22,3.89
1774,Gannie,6/18/2019,9.55,3.2
1506,Will,1/29/2020,9.26,3.89
1252,Skylar,6/29/2019,6.86,1.82
1990,Odele,6/21/2019,5.42,1.89
1696,Rolland,3/11/2020,6.86,3.51
1872,Rich,5/18/2020,8.95,8.62
1476,Gerladina,10/21/2019,3.43,8.53
1520,Corby,1/2/2020,9.19,2.55
1054,Emili,11/9/2019,6.03,1.85
1827,Andra,7/24/2019,9.94,4.93
1599,Arvy,6/24/2019,9.01,5.51
1326,Melantha,4/10/2020,9.33,5.64
1546,Forester,7/18/2019,4.25,7.39
1752,Hortense,6/6/2020,6.0,4.39
1650,Kerry,9/15/2019,8.89,7.52
1846,Lynett,1/24/2020,1.26,9.47
1553,Devondra,5/16/2020,7.88,4.49
1086,Ileana,1/30/2020,8.61,2.59
1745,Caril,1/25/2020,5.37,5.63
1119,Cordy,4/20/2020,8.46,1.93
1107,Huntlee,11/30/2019,1.7,2.66
1571,Maureen,12/25/2019,2.53,7.72
1672,Toddy,4/12/2020,6.8,7.4
1823,Dorisa,12/11/2019,5.85,8.33
1863,Binny,2/24/2020,2.43,1.49
1581,Damien,8/6/2019,3.4,8.11
1110,Darya,10/7/2019,4.39,6.68
1884,Bambie,1/28/2020,1.92,1.27
1333,Cristian,11/2/2019,1.09,9.51
1835,Emelen,10/22/2019,8.87,8.8
1715,Emmey,7/18/2019,2.04,1.68
1539,Frannie,10/27/2019,9.59,4.42
1672,Tammie,4/1/2020,1.47,2.61
1771,Hersch,6/30/2019,3.0,4.89
1167,Wilfrid,8/25/2019,9.29,1.87
1930,Johannes,1/18/2020,7.34,3.6
1295,Delilah,8/9/2019,6.08,9.9
1211,Tymothy,2/2/2020,9.02,5.28
1945,Nonnah,11/11/2019,2.07,6.39
1838,Olvan,2/13/2020,7.25,1.34
1988,Aldin,5/7/2020,9.68,2.2
1884,Bette-ann,1/30/2020,4.6,6.09
1858,Dorey,11/11/2019,6.57,2.76
1256,Linea,5/6/2020,8.1,4.05
1435,Pinchas,5/28/2020,3.64,6.16
1570,Rochelle,12/17/2019,6.44,8.36
1613,Rosemonde,3/23/2020,8.64,1.09
1498,Lesli,9/11/2019,3.92,1.01
1293,Wendye,3/1/2020,3.77,6.83
1400,Shantee,6/9/2020,3.84,2.41
1129,Hayley,3/23/2020,3.32,1.72
1429,Tera,9/12/2019,3.12,6.72
1801,Susanna,3/11/2020,7.35,7.3
1100,Hermina,5/21/2020,8.05,8.04
1199,Roxanne,10/5/2019,4.6,2.94
1547,Brit,4/29/2020,2.8,2.95
1561,Kitty,3/29/2020,4.74,6.55
1209,Teressa,10/27/2019,9.83,8.29
1601,Darelle,5/13/2020,4.71,6.77
1052,Gilberta,3/3/2020,7.89,5.37
1784,Brittni,8/29/2019,1.0,5.26
1593,Ania,12/2/2019,8.23,2.56
1252,Odele,4/18/2020,5.92,1.25
1574,Catha,3/27/2020,8.06,2.4
1405,Eliot,7/23/2019,7.2,4.23
1017,Pancho,11/18/2019,2.84,1.75
1169,Bella,7/8/2019,9.18,2.77
1907,Ericka,11/28/2019,7.69,8.8
1536,Joby,11/8/2019,9.86,8.61
1252,Eduard,1/24/2020,6.77,4.09
1493,Harlie,5/22/2020,5.81,4.55
1986,Cris,8/9/2019,2.73,6.43
1119,Darda,12/1/2019,6.23,6.2
1720,Cayla,8/3/2019,2.41,6.29
1813,Marys,4/18/2020,6.59,8.93
1874,Jeno,9/28/2019,8.26,8.6
1173,Vanda,5/21/2020,5.58,8.53
1421,Lorie,7/30/2019,7.46,1.01
1451,Theresina,2/9/2020,6.19,3.99
1161,Remus,11/5/2019,8.62,4.63
1648,Lorenza,8/7/2019,8.05,8.99
1294,Cacilie,11/29/2019,5.76,8.68
1878,Marilee,7/2/2019,6.17,9.64
1029,Elia,9/14/2019,9.39,4.0
1961,Clemmy,4/26/2020,4.36,7.09
1777,Jon,5/12/2020,5.12,2.95
1335,Jessey,6/25/2019,5.11,2.27
1903,Pembroke,12/21/2019,5.53,5.27
1391,Reuven,2/11/2020,4.88,8.84
1394,Judah,9/24/2019,8.86,9.2
1105,Selle,6/30/2019,6.51,3.59
1533,Perkin,1/22/2020,3.84,9.37
1445,Augustine,10/23/2019,4.95,6.17
1460,Cross,2/13/2020,9.73,1.13
1959,Emilee,5/4/2020,4.16,8.59
1156,Cello,3/11/2020,4.09,8.82
1445,Tish,9/26/2019,7.59,6.18
1223,Maria,5/19/2020,9.11,7.24
1167,Ted,10/16/2019,2.12,7.08
1731,Guthrey,11/10/2019,2.46,6.36
1371,Emelia,12/31/2019,4.49,9.69
1079,Garnet,12/20/2019,4.66,3.1
1661,Isador,11/24/2019,7.15,4.99
1759,Pattin,3/10/2020,6.65,5.6
1050,Robina,9/28/2019,7.01,5.56
1616,Desirae,3/20/2020,3.4,7.33
1349,Padraig,9/19/2019,1.79,5.53
1625,Elijah,2/22/2020,7.54,3.29
1457,Boigie,11/20/2019,9.36,6.69
1066,Melamie,8/21/2019,2.53,2.11
1605,Ulrica,1/5/2020,3.29,4.23
1645,Gwen,1/24/2020,7.12,9.46
1700,Claus,9/30/2019,6.98,3.34
1053,Rivi,12/12/2019,4.59,2.52
1923,Pansie,9/23/2019,6.97,5.28
1040,Beth,10/16/2019,6.57,1.42
1401,Jeanie,7/1/2019,8.08,9.6
1779,Amby,12/27/2019,9.84,1.91
1012,Falito,9/1/2019,7.65,7.08
1742,Stafani,4/13/2020,2.52,6.57
1018,Millard,11/8/2019,8.25,6.98
1830,Gae,9/17/2019,8.1,4.17
1533,Carma,5/14/2020,5.83,2.86
1334,Essa,9/20/2019,5.02,6.1
1239,Niall,4/19/2020,9.09,1.83
1639,Jacquie,9/26/2019,8.78,1.5
1236,Madalena,2/5/2020,2.47,7.35
1010,Lawry,8/17/2019,5.96,1.01
1007,Doretta,12/29/2019,2.9,4.81
1109,Henrieta,2/27/2020,7.16,6.2
1360,Woodrow,5/8/2020,4.91,3.63
1656,Rosmunda,7/24/2019,3.64,4.42
1779,Mick,11/7/2019,1.26,9.09
1826,Demetra,6/29/2019,1.28,9.6
1291,Base,12/24/2019,2.3,2.08
1856,Nilson,3/25/2020,3.71,4.88
1469,Waring,2/19/2020,1.93,9.18
1298,Scottie,10/1/2019,5.15,3.62
1352,Gusty,4/24/2020,2.51,3.5
1106,Margalit,4/6/2020,7.64,6.65
2000,Paige,1/30/2020,9.09,4.63
1126,Wash,4/6/2020,6.31,5.85
1488,Phineas,6/16/2019,4.11,9.91
1970,Cathy,2/1/2020,3.86,9.55
1751,Orville,9/25/2019,7.11,8.55
1362,Francesco,12/14/2019,1.43,6.4
1696,Mylo,7/13/2019,4.09,2.55
1162,Veradis,7/14/2019,9.18,2.09
1869,Joyous,11/22/2019,9.28,7.31
1670,Lindi,5/30/2020,6.56,4.3
1536,Dorris,10/5/2019,3.16,6.14
1257,Granthem,7/27/2019,4.12,9.16
1112,Tobit,1/3/2020,2.79,3.67
1906,Annabel,12/8/2019,5.29,9.5
1887,Dorree,5/26/2020,3.91,7.22
1315,Blinnie,9/17/2019,7.57,6.49
1640,Henderson,10/8/2019,9.32,2.69
1998,Karolina,10/23/2019,7.75,8.79
1325,Cass,2/2/2020,8.18,1.52
1753,Corey,1/21/2020,6.43,9.07
1779,Elsinore,11/16/2019,5.02,6.96
1339,Jard,5/22/2020,8.81,4.5
1264,Aloysia,12/2/2019,9.52,8.63
1881,Bald,6/8/2020,6.24,8.65
1605,Stephani,12/16/2019,9.29,4.83
1582,Jocko,3/11/2020,5.13,4.57
1647,Agneta,11/19/2019,9.1,7.61
1668,Sella,5/29/2020,6.62,5.29
1915,Carmella,5/17/2020,1.01,6.6
1635,Margy,2/27/2020,2.83,7.27
1963,Nisse,5/15/2020,3.82,4.51
1197,Barbara-anne,8/4/2019,7.32,1.9
1012,Gabie,11/14/2019,2.63,10.0
1619,Timi,3/26/2020,5.66,6.17
1545,Cirilo,7/5/2019,9.24,4.75
1073,Reginauld,5/8/2020,4.69,2.15
1576,Chad,7/19/2019,1.25,7.57
1620,Berkie,6/19/2019,3.62,3.54
1764,Tallie,6/20/2019,3.73,2.14
1875,Roseanne,3/13/2020,5.8,2.7
1088,Alyss,6/14/2019,1.78,4.49
1855,Leshia,3/24/2020,6.91,5.9
1620,Brenna,3/16/2020,5.76,5.92
1826,Helen-elizabeth,12/23/2019,6.86,8.36
1299,Elmira,3/30/2020,4.56,7.13
1028,Sean,7/4/2019,3.44,8.95
1690,Edwin,2/18/2020,6.61,9.08
1101,Brion,7/2/2019,3.6,4.05
1554,Alleen,5/25/2020,1.22,7.79
1145,Marley,3/9/2020,8.03,8.21
1444,Hubie,7/15/2019,2.28,6.25
1194,Mitchael,12/15/2019,1.63,2.38
1392,Hester,9/19/2019,1.54,5.39
1410,Tyne,6/22/2019,7.88,8.18
1276,Hermy,3/7/2020,3.19,1.54
1833,Alyosha,10/8/2019,6.85,3.89
1756,Tobias,9/9/2019,6.86,4.29
1417,Clea,4/26/2020,2.4,1.09
1274,Olympia,2/25/2020,5.55,8.8
1545,Dottie,5/22/2020,1.76,3.74
1376,Ignace,9/27/2019,4.46,2.68
1414,Lynnet,10/10/2019,6.07,1.89
1371,Crissie,6/11/2020,9.5,6.36
1929,Hervey,10/22/2019,9.46,5.46
1090,Adore,2/13/2020,1.38,3.12
1657,Radcliffe,5/4/2020,9.9,6.88
1603,Mil,1/17/2020,5.74,7.12
1369,Perkin,6/12/2020,7.14,1.0
1832,Philomena,10/2/2019,7.36,3.35
1489,Granny,12/4/2019,3.14,8.59
1558,Isabelle,6/12/2020,5.48,6.19
1177,Marcelle,9/24/2019,2.29,8.37
1555,Sigvard,7/16/2019,6.23,2.68
1247,Germain,7/22/2019,1.73,1.1
1650,Sari,12/24/2019,4.41,2.78
1593,Dulci,8/30/2019,6.54,5.22
1144,Hirsch,8/2/2019,1.41,8.62
1611,Ilene,4/25/2020,5.04,6.12
1884,Grady,10/18/2019,3.35,8.15
1908,Xylina,9/19/2019,6.78,7.12
1282,Benedicta,8/17/2019,1.98,9.96
1069,Skell,4/29/2020,4.62,6.17
1987,Humfried,4/30/2020,2.79,7.42
1249,Mellicent,3/12/2020,2.74,8.71
1201,Reynolds,10/6/2019,3.63,2.42
1415,Kathryne,10/20/2019,7.82,4.28
1189,Celisse,12/20/2019,4.33,4.51
1251,Vaughn,9/16/2019,9.01,9.73
1988,Lynne,12/5/2019,4.89,6.57
1028,Zonnya,8/18/2019,8.12,8.83
1829,Nobe,6/15/2019,4.83,4.38
1481,Rose,7/21/2019,5.36,4.98
1389,Gav,9/5/2019,1.91,8.74
1540,Eleen,10/15/2019,6.88,7.27
1380,Frannie,1/18/2020,3.79,9.59
1076,Nicholle,12/11/2019,6.82,2.96
1216,Giustina,7/26/2019,4.88,9.74
1355,Martyn,2/23/2020,1.35,5.53
1114,Daveta,12/22/2019,7.12,5.75
1810,Aigneis,2/13/2020,3.35,2.34
1635,Adrianne,9/29/2019,4.16,1.53
1700,Alexi,2/18/2020,6.88,2.0
1281,Gabriellia,9/7/2019,5.9,5.02
1574,Wadsworth,12/14/2019,3.42,8.69
1768,Allistir,2/14/2020,5.51,8.02
1066,Andras,1/28/2020,5.46,8.06
1730,Linnie,5/29/2020,5.26,3.79
1867,Beverly,2/8/2020,6.2,7.21
1320,Gavra,4/11/2020,9.01,3.84
1235,Angelique,3/8/2020,5.48,8.84
1002,Celisse,6/2/2020,9.25,2.63
1245,Coretta,1/26/2020,8.09,4.28
1782,Theressa,6/15/2019,4.16,6.0
1474,Lanna,1/16/2020,6.96,6.57
1151,Carolann,7/28/2019,3.11,2.73
1386,Cullin,8/16/2019,1.12,8.2
1113,Tillie,11/18/2019,6.28,9.24
1346,Dosi,12/20/2019,5.5,8.74
1892,Benoit,6/30/2019,5.58,2.75
1795,Bobinette,7/23/2019,9.34,1.33
1668,Merilyn,10/11/2019,4.72,3.5
1153,Justinn,7/10/2019,9.12,8.95
1954,Winnie,12/16/2019,7.57,3.31
1970,Lena,7/9/2019,3.83,1.79
1438,Derrick,9/11/2019,7.03,3.06
1280,Ardisj,6/28/2019,2.61,9.23
1946,Ericka,8/4/2019,7.04,6.01
1444,Teodoro,1/6/2020,9.32,3.02
1982,Rosalind,2/18/2020,1.41,2.6
1349,Matthew,11/2/2019,4.36,2.89
1053,Morry,7/13/2019,1.88,9.05
1239,Berk,8/3/2019,3.06,3.27
1568,Brad,3/29/2020,5.44,9.32
1966,Erskine,1/12/2020,1.65,7.57
1790,Vivie,5/9/2020,3.75,9.46
1978,Jerry,10/19/2019,3.78,9.86
1027,Tobye,9/7/2019,5.4,7.14
1363,Hugues,12/31/2019,9.02,2.69
1423,Elnore,1/5/2020,4.59,5.0
1649,Sheena,12/20/2019,5.92,5.36
1526,Valli,1/9/2020,2.96,3.54
1542,Elyse,2/9/2020,6.51,4.45
1561,Ilaire,8/26/2019,3.81,8.01
1927,Katerina,4/7/2020,3.73,3.4
1286,Essie,12/6/2019,4.08,2.97
1155,Joycelin,11/16/2019,7.05,1.44
1693,Bradly,12/30/2019,9.04,7.03
1411,Edna,3/4/2020,5.01,1.04
1227,Payton,12/26/2019,5.13,5.65
1170,Hayley,1/14/2020,6.74,1.32
1294,Claudelle,11/25/2019,3.0,3.45
1481,Daphne,10/25/2019,5.12,3.77
1030,Cyndie,1/3/2020,3.31,3.07
1311,Amara,6/23/2019,1.75,2.68
1903,Claudina,7/23/2019,7.71,2.06
1094,Aksel,3/13/2020,8.72,9.66
1378,Cob,4/15/2020,7.06,7.97
1533,Vincent,8/16/2019,2.61,3.81
1112,Raimundo,2/11/2020,9.81,1.83
1491,Terza,12/20/2019,5.97,6.99
1629,Harwell,8/21/2019,5.91,6.55
1187,Lon,1/10/2020,4.78,5.12
1380,Talbert,7/22/2019,1.29,7.46
1916,Harlin,10/5/2019,5.07,5.41
1063,Karel,2/21/2020,5.69,8.22
1521,Madelle,7/3/2019,5.62,9.18
1280,Lyndsey,8/9/2019,4.53,7.41
1094,Clair,11/24/2019,2.05,8.42
1016,Jeffry,10/14/2019,5.59,9.34
1436,Grantley,10/26/2019,4.9,7.59
1170,Susana,4/3/2020,4.8,3.45
1775,Carey,9/15/2019,8.41,7.46
1709,Fee,6/22/2019,2.59,2.48
1943,Drugi,8/2/2019,4.69,4.62
1800,Hamnet,6/6/2020,9.44,5.63
1380,Francoise,3/20/2020,7.58,4.83
1220,Jordana,10/29/2019,1.85,3.8
1650,Myrvyn,4/11/2020,8.98,4.96
1925,Emmeline,11/18/2019,9.86,6.14
1276,Mabelle,7/14/2019,7.95,9.52
1032,Bealle,6/21/2019,5.22,8.47
1435,Willetta,6/18/2019,9.58,9.26
1638,Rae,12/5/2019,1.77,2.16
1776,Marietta,1/17/2020,8.33,2.28
1519,Celka,1/2/2020,6.32,8.68
1432,Christan,5/2/2020,2.15,2.32
1526,Alonso,5/14/2020,5.08,3.08
1803,Lillian,2/28/2020,5.73,1.48
1014,Judy,4/16/2020,2.75,4.14
1837,Felice,2/16/2020,2.24,7.73
1996,Kerri,5/23/2020,9.82,5.35
1543,Wernher,4/27/2020,4.42,4.61
1419,Bee,8/12/2019,9.67,9.87
1024,Helaina,11/14/2019,1.02,2.19
1295,Lodovico,8/22/2019,2.65,2.13
1001,Janette,12/29/2019,7.89,3.29
1067,Alasdair,11/5/2019,3.83,6.06
1723,Caresa,10/31/2019,1.56,4.91
1136,Mathian,7/29/2019,9.17,9.84
1404,Madelle,3/10/2020,4.3,8.09
1211,Sanderson,5/28/2020,1.4,8.12
1796,Vincents,10/17/2019,8.02,1.44
1061,Esmeralda,3/6/2020,8.3,4.99
1350,Si,11/25/2019,9.21,3.93
1805,Scottie,9/27/2019,7.56,1.52
1438,Merl,12/4/2019,3.45,9.92
1651,Shurwood,11/1/2019,9.65,1.09
1313,Enos,5/16/2020,1.04,3.38
1596,Jany,10/26/2019,4.94,7.12
1994,Gwenni,7/30/2019,3.65,9.94
1124,Mari,5/11/2020,6.07,4.99
1639,Emelita,7/3/2019,1.56,6.36
1102,Carey,4/17/2020,6.92,5.58
1209,Tabbi,3/7/2020,4.18,2.43
1355,Arney,6/20/2019,7.38,8.07
1635,Evangeline,1/10/2020,9.67,4.8
1569,Marabel,8/17/2019,5.53,3.74
1701,Chandal,4/17/2020,6.08,2.6
1207,Jodee,11/13/2019,1.59,7.51
1026,Lisabeth,1/11/2020,2.94,8.72
1069,Billy,3/24/2020,6.24,6.49
1776,Josiah,7/7/2019,6.23,2.96
1104,Cari,12/18/2019,3.65,1.16
1394,Beverly,12/24/2019,1.08,3.31
1057,Derick,4/8/2020,3.66,3.63
1910,Whitby,11/15/2019,4.02,1.14
1023,Aurea,1/19/2020,8.31,7.47
1268,Findlay,1/9/2020,7.89,2.26
1126,Darice,12/17/2019,9.07,8.99
1696,Hedy,5/25/2020,4.31,3.1
1098,Vita,2/25/2020,2.69,3.35
1563,Vidovik,4/8/2020,5.95,8.79
1874,Cale,12/2/2019,4.61,8.35
1391,Alicia,12/25/2019,6.68,9.65
1661,Muhammad,12/29/2019,9.82,6.05
1898,Staffard,6/28/2019,7.51,6.47
1826,Melesa,5/14/2020,3.09,7.1
1337,Emmalynn,8/21/2019,8.3,5.04
1744,Myrvyn,5/13/2020,5.54,8.93
1398,Lyda,11/4/2019,7.82,4.53
1737,Fan,5/12/2020,7.04,4.68
1163,Glori,12/30/2019,5.76,1.84
1247,Brigham,2/21/2020,4.19,3.61
1273,Vlad,4/5/2020,3.66,8.92
1891,Obed,9/23/2019,5.05,1.71
1030,Margaretta,9/14/2019,8.06,1.06
1529,Thorin,8/13/2019,5.22,6.5
1936,Osbourn,6/22/2019,3.13,8.96
1100,Marketa,8/18/2019,5.13,1.92
1934,Brittani,12/24/2019,3.87,6.87
1887,Felipe,1/17/2020,4.61,7.09
1263,Cchaddie,12/10/2019,9.31,2.14
1223,Shir,11/12/2019,7.4,5.33
1363,Vittorio,2/12/2020,8.2,7.93
1714,Meryl,2/14/2020,9.44,4.17
1534,Birdie,6/1/2020,7.08,7.87
1940,Lucille,4/26/2020,4.57,3.76
1662,Allard,11/29/2019,3.39,1.41
1046,Christiano,1/25/2020,7.99,8.88
1736,Rae,12/11/2019,5.78,8.13
1308,Lucas,7/18/2019,2.58,6.59
1441,Pooh,6/24/2019,7.59,5.28
1085,Sergei,3/9/2020,2.86,8.92
1597,Karlik,6/18/2019,3.23,3.81
1694,Lief,10/17/2019,7.45,2.72
1694,Zea,2/10/2020,3.3,8.18
1720,Cassey,12/19/2019,2.55,9.92
1597,Hillel,7/31/2019,6.02,8.48
1487,Millicent,4/30/2020,5.93,5.38
1378,Ker,4/19/2020,8.86,7.77
1059,Tiffy,9/10/2019,7.4,1.44
1597,Riley,1/17/2020,9.34,1.03
1982,Giacinta,5/17/2020,4.69,1.29
1702,Emelita,8/6/2019,2.07,4.31
1579,Corey,3/9/2020,8.94,9.84
1992,Kimble,12/9/2019,6.27,2.45
1317,Cyrillus,4/6/2020,3.08,5.73
1277,Seline,9/26/2019,4.32,1.22
1030,Julie,6/20/2019,3.17,6.13
1284,Mada,6/8/2020,2.64,8.54
1684,Justus,3/23/2020,8.28,6.36
1178,Belva,3/14/2020,7.28,5.69
1293,Fania,5/9/2020,4.63,8.41
1275,Georgine,1/18/2020,9.81,6.93
1817,Lane,7/10/2019,9.31,8.61
1282,Jedidiah,6/23/2019,8.55,3.82
1930,Ethan,12/6/2019,7.66,1.7
1483,Adrea,2/23/2020,1.66,7.37
1453,Otto,9/20/2019,5.82,9.95
1219,Moshe,1/3/2020,6.68,3.19
1696,Violante,12/24/2019,4.07,5.73
